ADAUSDT,ADA/USDT,ADA,USDT
ALGOUSDT,ALGO/USDT,ALGO,USDT
ANKRUSDT,ANKR/USDT,ANKR,USDT
ATOMUSDT,ATOM/USDT,ATOM,USDT
BANDUSDT,BAND/USDT,BAND,USDT
BATUSDT,BAT/USDT,BAT,USDT
BCCUSDT,BCC/USDT,BCC,USDT
BCHABCUSDT,BCH/USDT,BCH,USDT
BEAMUSDT,BEAM/USDT,BEAM,USDT
BNBUSDT,BNB/USDT,BNB,USDT
BCHSVUSDT,BSV/USDT,BSV,USDT
BTCUSDT,BTC/USDT,BTC,USDT
BTTUSDT,BTT/USDT,BTT,USDT
BUSDUSDT,BUSD/USDT,BUSD,USDT
CELRUSDT,CELR/USDT,CELR,USDT
CHZUSDT,CHZ/USDT,CHZ,USDT
COCOSUSDT,COCOS/USDT,COCOS,USDT
COSUSDT,COS/USDT,COS,USDT
CVCUSDT,CVC/USDT,CVC,USDT
DASHUSDT,DASH/USDT,DASH,USDT
DENTUSDT,DENT/USDT,DENT,USDT
DOCKUSDT,DOCK/USDT,DOCK,USDT
DOGEUSDT,DOGE/USDT,DOGE,USDT
DUSKUSDT,DUSK/USDT,DUSK,USDT
ENJUSDT,ENJ/USDT,ENJ,USDT
EOSUSDT,EOS/USDT,EOS,USDT
ERDUSDT,ERD/USDT,ERD,USDT
ETCUSDT,ETC/USDT,ETC,USDT
ETHUSDT,ETH/USDT,ETH,USDT
FETUSDT,FET/USDT,FET,USDT
FTMUSDT,FTM/USDT,FTM,USDT
FUNUSDT,FUN/USDT,FUN,USDT
GTOUSDT,GTO/USDT,GTO,USDT
HBARUSDT,HBAR/USDT,HBAR,USDT
HCUSDT,HC/USDT,HC,USDT
HOTUSDT,HOT/USDT,HOT,USDT
ICXUSDT,ICX/USDT,ICX,USDT
IOSTUSDT,IOST/USDT,IOST,USDT
IOTAUSDT,IOTA/USDT,IOTA,USDT
KEYUSDT,KEY/USDT,KEY,USDT
LINKUSDT,LINK/USDT,LINK,USDT
LTCUSDT,LTC/USDT,LTC,USDT
MATICUSDT,MATIC/USDT,MATIC,USDT
MFTUSDT,MFT/USDT,MFT,USDT
MITHUSDT,MITH/USDT,MITH,USDT
MTLUSDT,MTL/USDT,MTL,USDT
NANOUSDT,NANO/USDT,NANO,USDT
NEOUSDT,NEO/USDT,NEO,USDT
NPXSUSDT,NPXS/USDT,NPXS,USDT
NULSUSDT,NULS/USDT,NULS,USDT
OMGUSDT,OMG/USDT,OMG,USDT
ONEUSDT,ONE/USDT,ONE,USDT
ONGUSDT,ONG/USDT,ONG,USDT
ONTUSDT,ONT/USDT,ONT,USDT
PAXUSDT,PAX/USDT,PAX,USDT
PERLUSDT,PERL/USDT,PERL,USDT
QTUMUSDT,QTUM/USDT,QTUM,USDT
RENUSDT,REN/USDT,REN,USDT
RVNUSDT,RVN/USDT,RVN,USDT
STORMUSDT,STORM/USDT,STORM,USDT
TFUELUSDT,TFUEL/USDT,TFUEL,USDT
THETAUSDT,THETA/USDT,THETA,USDT
TOMOUSDT,TOMO/USDT,TOMO,USDT
TRXUSDT,TRX/USDT,TRX,USDT
TUSDUSDT,TUSD/USDT,TUSD,USDT
USDCUSDT,USDC/USDT,USDC,USDT
USDSUSDT,USDS/USDT,USDS,USDT
USDSBUSDT,USDSB/USDT,USDSB,USDT
VENUSDT,VEN/USDT,VEN,USDT
VETUSDT,VET/USDT,VET,USDT
WANUSDT,WAN/USDT,WAN,USDT
WAVESUSDT,WAVES/USDT,WAVES,USDT
WINUSDT,WIN/USDT,WIN,USDT
XLMUSDT,XLM/USDT,XLM,USDT
XMRUSDT,XMR/USDT,XMR,USDT
XRPUSDT,XRP/USDT,XRP,USDT
XTZUSDT,XTZ/USDT,XTZ,USDT
ZECUSDT,ZEC/USDT,ZEC,USDT
ZILUSDT,ZIL/USDT,ZIL,USDT
ZRXUSDT,ZRX/USDT,ZRX,USDT
